project_id,last_date,st_history,model_history   ,model_history
1,2025-02-11 15:31:20.679888,"[{""role"": ""assistant"", ""content"": ""Athena: Good Morning. I am Athena, a Smart Assistant for C.A.S.E. How can I assist you today?""}, {""role"": ""user"", ""content"": ""what are the name of the columns""}, {""role"": ""assistant"", ""content"": ""Okay! I have analyzed the data report. Here are the columns in the dataset: 'Survived', 'Pclass', 'Sex', 'Age', 'SibSp', 'Parch', 'Fare', 'Embarked', 'Class', 'Who', 'Adult_male', 'Deck', 'Embark_town', 'Alive', and 'Alone'. Is there anything specific you'd like to know about these columns? For example, I can provide details on their data types, missing values, or descriptive statistics.\n""}]",,"[{""role"": ""assistant"", ""content"": ""Athena: Good Morning. I am Athena, a Smart Assistant for C.A.S.E. How can I assist you today?""}, {""role"": ""user"", ""content"": ""what are the name of the columns""}, {""role"": ""assistant"", ""content"": ""Okay! I have analyzed the data report. Here are the columns in the dataset: 'Survived', 'Pclass', 'Sex', 'Age', 'SibSp', 'Parch', 'Fare', 'Embarked', 'Class', 'Who', 'Adult_male', 'Deck', 'Embark_town', 'Alive', and 'Alone'. Is there anything specific you'd like to know about these columns? For example, I can provide details on their data types, missing values, or descriptive statistics.\n""}]"
1,,,,
1,,,,
1,,,,
1,,,,
1,,,,
1,,,,
1,,,,
1,,,,
1,,,,
1,,,,
1,,,,
1,,,,
1,,,,
1,,,,
1,,,,
1,,,,
1,,,,
1,,,,
1,,,,
1,,,,
1,,,,
1,,,,
1,,,,
1,,,,
1,,,,
1,,,,
1,,,,
1,,,,
1,,,,
1,,,,
